peak_time_utc,peak_flow_cms,peak_probability,site_no
2023-09-25 18:00:00,1200.0,0.5242533273357107,01204000
2023-09-29 19:30:00,7520.0,0.9588726828347484,01204000
2023-10-07 22:00:00,1290.0,0.7022716762235287,01204000
2023-12-11 07:30:00,1390.0,0.907603913212117,01204000
2023-12-18 14:45:00,5360.0,0.9687844657965461,01204000
2023-12-28 11:45:00,2860.0,0.9835634753566518,01204000
2024-01-10 06:45:00,7380.0,0.9488876310704009,01204000
2024-01-13 10:00:00,1780.0,0.9933254520040613,01204000
2024-03-07 04:15:00,2190.0,0.9936415675888911,01204000
2024-03-10 06:30:00,1930.0,0.9935537756142294,01204000
2024-03-23 22:30:00,2710.0,0.983721068095008,01204000
2024-04-12 10:30:00,1680.0,0.9982122721444293,01204000
2024-06-30 18:45:00,1440.0,0.9778091350662933,01204000
2024-07-06 03:00:00,1770.0,0.9884765317788868,01204000
2024-08-18 20:45:00,11900.0,0.89896440589045,01204000
